{
  "type": "FeatureCollection",
  "features": [
    {
      "type": "Feature",
      "id": "bici_ruta",
      "properties": {
        "name": "Bicicleta de montaña eléctrica a la hora del almuerzo",
        "distancia_km": 23.6,
        "desnivel_m": 373,
        "puntos": 1529
      },
      "geometry": {
        "type": "LineString",
        "coordinates": [
          [
            -4.02752,
            40.8616
          ],
          [
            -4.02759,
            40.86148
          ],
          [
            -4.02759,
            40.86154
          ],
          [
            -4.02764,
            40.86163
          ],
          [
            -4.02782,
            40.86167
          ],
          [
            -4.02792,
            40.86175
          ],
          [
            -4.02796,
            40.86181
          ],
          [
            -4.02799,
            40.86187
          ],
          [
            -4.02801,
            40.8619
          ],
          [
            -4.02803,
            40.86193
          ],
          [
            -4.02804,
            40.86195
          ],
          [
            -4.02803,
            40.86197
          ],
          [
            -4.02802,
            40.86199
          ],
          [
            -4.02802,
            40.86201
          ],
          [
            -4.02802,
            40.86202
          ],
          [
            -4.02801,
            40.86203
          ],
          [
            -4.02798,
            40.86208
          ],
          [
            -4.02797,
            40.86212
          ],
          [
            -4.02791,
            40.86225
          ],
          [
            -4.02791,
            40.86235
          ],
          [
            -4.02791,
            40.86247
          ],
          [
            -4.02796,
            40.86263
          ],
          [
            -4.02821,
            40.86292
          ],
          [
            -4.0284,
            40.86305
          ],
          [
            -4.0285,
            40.86315
          ],
          [
            -4.02851,
            40.86333
          ],
          [
            -4.02846,
            40.86335
          ],
          [
            -4.02849,
            40.86342
          ],
          [
            -4.02853,
            40.86358
          ],
          [
            -4.02855,
            40.8637
          ],
          [
            -4.02859,
            40.86386
          ],
          [
            -4.0286,
            40.86399
          ],
          [
            -4.02854,
            40.86411
          ],
          [
            -4.02843,
            40.86419
          ],
          [
            -4.02836,
            40.86427
          ],
          [
            -4.02836,
            40.8644
          ],
          [
            -4.02836,
            40.86452
          ],
          [
            -4.02839,
            40.86488
          ],
          [
            -4.02844,
            40.86507
          ],
          [
            -4.02841,
            40.86514
          ],
          [
            -4.02836,
            40.86523
          ],
          [
            -4.02829,
            40.86539
          ],
          [
            -4.02823,
            40.86545
          ],
          [
            -4.02815,
            40.86549
          ],
          [
            -4.02808,
            40.86555
          ],
          [
            -4.02803,
            40.86559
          ],
          [
            -4.02797,
            40.86565
          ],
          [
            -4.02786,
            40.86576
          ],
          [
            -4.02778,
            40.86585
          ],
          [
            -4.0277,
            40.86598
          ],
          [
            -4.02763,
            40.86607
          ],
          [
            -4.02756,
            40.86615
          ],
          [
            -4.0275,
            40.86626
          ],
          [
            -4.02745,
            40.86654
          ],
          [
            -4.02748,
            40.86662
          ],
          [
            -4.02754,
            40.86677
          ],
          [
            -4.02751,
            40.86692
          ],
          [
            -4.02743,
            40.86707
          ],
          [
            -4.02736,
            40.86721
          ],
          [
            -4.0273,
            40.86733
          ],
          [
            -4.02721,
            40.8674
          ],
          [
            -4.02707,
            40.86745
          ],
          [
            -4.02691,
            40.86751
          ],
          [
            -4.02679,
            40.86759
          ],
          [
            -4.02669,
            40.86766
          ],
          [
            -4.02662,
            40.86774
          ],
          [
            -4.0266,
            40.86781
          ],
          [
            -4.02651,
            40.86796
          ],
          [
            -4.02642,
            40.86805
          ],
          [
            -4.02631,
            40.8682
          ],
          [
            -4.02615,
            40.8683
          ],
          [
            -4.02608,
            40.86834
          ],
          [
            -4.02606,
            40.86834
          ],
          [
            -4.02605,
            40.86834
          ],
          [
            -4.02605,
            40.86834
          ],
          [
            -4.02599,
            40.8684
          ],
          [
            -4.02592,
            40.86856
          ],
          [
            -4.02595,
            40.86864
          ],
          [
            -4.02601,
            40.86868
          ],
          [
            -4.02607,
            40.86872
          ],
          [
            -4.02611,
            40.86879
          ],
          [
            -4.02612,
            40.86888
          ],
          [
            -4.0261,
            40.86897
          ],
          [
            -4.02604,
            40.86906
          ],
          [
            -4.02601,
            40.86914
          ],
          [
            -4.02599,
            40.8692
          ],
          [
            -4.02597,
            40.86923
          ],
          [
            -4.02597,
            40.86923
          ],
          [
            -4.02597,
            40.86923
          ],
          [
            -4.02599,
            40.86929
          ],
          [
            -4.02597,
            40.86936
          ],
          [
            -4.02594,
            40.86945
          ],
          [
            -4.02584,
            40.86961
          ],
          [
            -4.02575,
            40.86971
          ],
          [
            -4.02571,
            40.86982
          ],
          [
            -4.0257,
            40.86993
          ],
          [
            -4.02564,
            40.87004
          ],
          [
            -4.02554,
            40.87015
          ],
          [
            -4.02511,
            40.87059
          ],
          [
            -4.02497,
            40.8707
          ],
          [
            -4.02486,
            40.87082
          ],
          [
            -4.02479,
            40.87096
          ],
          [
            -4.02475,
            40.87108
          ],
          [
            -4.0247,
            40.87119
          ],
          [
            -4.02463,
            40.87129
          ],
          [
            -4.02457,
            40.87137
          ],
          [
            -4.0245,
            40.87147
          ],
          [
            -4.02441,
            40.87164
          ],
          [
            -4.02435,
            40.87172
          ],
          [
            -4.02429,
            40.8718
          ],
          [
            -4.0242,
            40.87192
          ],
          [
            -4.02412,
            40.87204
          ],
          [
            -4.02403,
            40.87218
          ],
          [
            -4.02395,
            40.87247
          ],
          [
            -4.02373,
            40.8729
          ],
          [
            -4.02367,
            40.873
          ],
          [
            -4.02363,
            40.87308
          ],
          [
            -4.02355,
            40.87313
          ],
          [
            -4.02347,
            40.87313
          ],
          [
            -4.0234,
            40.87318
          ],
          [
            -4.02336,
            40.87332
          ],
          [
            -4.02335,
            40.87345
          ],
          [
            -4.0233,
            40.87362
          ],
          [
            -4.0232,
            40.8737
          ],
          [
            -4.02316,
            40.87375
          ],
          [
            -4.02317,
            40.87382
          ],
          [
            -4.02317,
            40.87391
          ],
          [
            -4.02314,
            40.87407
          ],
          [
            -4.02302,
            40.87421
          ],
          [
            -4.02283,
            40.87436
          ],
          [
            -4.02274,
            40.87444
          ],
          [
            -4.02266,
            40.87452
          ],
          [
            -4.02259,
            40.87458
          ],
          [
            -4.02254,
            40.87463
          ],
          [
            -4.0225,
            40.87467
          ],
          [
            -4.02242,
            40.87473
          ],
          [
            -4.02231,
            40.87488
          ],
          [
            -4.02221,
            40.87504
          ],
          [
            -4.02213,
            40.87516
          ],
          [
            -4.02206,
            40.87529
          ],
          [
            -4.02197,
            40.87541
          ],
          [
            -4.02191,
            40.87551
          ],
          [
            -4.02188,
            40.87559
          ],
          [
            -4.02181,
            40.87565
          ],
          [
            -4.0217,
            40.87569
          ],
          [
            -4.02156,
            40.87573
          ],
          [
            -4.02143,
            40.87578
          ],
          [
            -4.02106,
            40.87598
          ],
          [
            -4.02086,
            40.87611
          ],
          [
            -4.02077,
            40.87618
          ],
          [
            -4.02068,
            40.87625
          ],
          [
            -4.02061,
            40.87629
          ],
          [
            -4.02056,
            40.87631
          ],
          [
            -4.02054,
            40.87631
          ],
          [
            -4.02052,
            40.87631
          ],
          [
            -4.02045,
            40.87634
          ],
          [
            -4.02031,
            40.87645
          ],
          [
            -4.0201,
            40.87664
          ],
          [
            -4.01999,
            40.87673
          ],
          [
            -4.01952,
            40.87712
          ],
          [
            -4.01937,
            40.87725
          ],
          [
            -4.01926,
            40.87731
          ],
          [
            -4.01915,
            40.87729
          ],
          [
            -4.01899,
            40.87719
          ],
          [
            -4.01882,
            40.87708
          ],
          [
            -4.01871,
            40.87702
          ],
          [
            -4.0186,
            40.87696
          ],
          [
            -4.01837,
            40.87688
          ],
          [
            -4.01825,
            40.87689
          ],
          [
            -4.01813,
            40.87692
          ],
          [
            -4.01803,
            40.87695
          ],
          [
            -4.01794,
            40.87698
          ],
          [
            -4.01786,
            40.877
          ],
          [
            -4.01775,
            40.87707
          ],
          [
            -4.01773,
            40.87714
          ],
          [
            -4.01774,
            40.87721
          ],
          [
            -4.01778,
            40.87728
          ],
          [
            -4.01781,
            40.87735
          ],
          [
            -4.01784,
            40.87742
          ],
          [
            -4.01786,
            40.87749
          ],
          [
            -4.0179,
            40.87756
          ],
          [
            -4.01793,
            40.87764
          ],
          [
            -4.01798,
            40.87772
          ],
          [
            -4.01802,
            40.87779
          ],
          [
            -4.01805,
            40.87787
          ],
          [
            -4.01809,
            40.87795
          ],
          [
            -4.01813,
            40.87804
          ],
          [
            -4.01813,
            40.87813
          ],
          [
            -4.01804,
            40.87817
          ],
          [
            -4.01793,
            40.87819
          ],
          [
            -4.01782,
            40.87819
          ],
          [
            -4.01772,
            40.87818
          ],
          [
            -4.01761,
            40.87819
          ],
          [
            -4.0175,
            40.87819
          ],
          [
            -4.0174,
            40.87819
          ],
          [
            -4.01729,
            40.8782
          ],
          [
            -4.01718,
            40.8782
          ],
          [
            -4.01707,
            40.8782
          ],
          [
            -4.01695,
            40.8782
          ],
          [
            -4.01684,
            40.8782
          ],
          [
            -4.01673,
            40.87821
          ],
          [
            -4.01661,
            40.87821
          ],
          [
            -4.0165,
            40.87823
          ],
          [
            -4.01639,
            40.87824
          ],
          [
            -4.01629,
            40.87825
          ],
          [
            -4.0162,
            40.87826
          ],
          [
            -4.0161,
            40.87826
          ],
          [
            -4.01598,
            40.87827
          ],
          [
            -4.01569,
            40.87827
          ],
          [
            -4.01562,
            40.87828
          ],
          [
            -4.01562,
            40.87833
          ],
          [
            -4.01566,
            40.87833
          ],
          [
            -4.01573,
            40.8783
          ],
          [
            -4.01583,
            40.8783
          ],
          [
            -4.01596,
            40.87829
          ],
          [
            -4.01612,
            40.87826
          ],
          [
            -4.01627,
            40.87826
          ],
          [
            -4.01633,
            40.8783
          ],
          [
            -4.01636,
            40.87839
          ],
          [
            -4.01639,
            40.87849
          ],
          [
            -4.01651,
            40.87888
          ],
          [
            -4.01655,
            40.87901
          ],
          [
            -4.0165,
            40.87907
          ],
          [
            -4.01629,
            40.87908
          ],
          [
            -4.01586,
            40.8791
          ],
          [
            -4.01572,
            40.87909
          ],
          [
            -4.01561,
            40.8791
          ],
          [
            -4.01551,
            40.87911
          ],
          [
            -4.01537,
            40.87913
          ],
          [
            -4.01521,
            40.87916
          ],
          [
            -4.01516,
            40.87922
          ],
          [
            -4.01513,
            40.8793
          ],
          [
            -4.01511,
            40.87939
          ],
          [
            -4.0151,
            40.87948
          ],
          [
            -4.01509,
            40.87958
          ],
          [
            -4.01507,
            40.87969
          ],
          [
            -4.01505,
            40.87979
          ],
          [
            -4.01504,
            40.87989
          ],
          [
            -4.01502,
            40.88
          ],
          [
            -4.01504,
            40.88013
          ],
          [
            -4.01504,
            40.88024
          ],
          [
            -4.01502,
            40.88037
          ],
          [
            -4.01501,
            40.88049
          ],
          [
            -4.01499,
            40.88064
          ],
          [
            -4.01491,
            40.88097
          ],
          [
            -4.01489,
            40.88108
          ],
          [
            -4.01487,
            40.88119
          ],
          [
            -4.01482,
            40.88128
          ],
          [
            -4.01478,
            40.88134
          ],
          [
            -4.0147,
            40.8814
          ],
          [
            -4.01464,
            40.88146
          ],
          [
            -4.01458,
            40.88149
          ],
          [
            -4.01452,
            40.88152
          ],
          [
            -4.01447,
            40.88157
          ],
          [
            -4.01442,
            40.88163
          ],
          [
            -4.01436,
            40.88168
          ],
          [
            -4.01431,
            40.88173
          ],
          [
            -4.01424,
            40.88179
          ],
          [
            -4.01419,
            40.88183
          ],
          [
            -4.01414,
            40.88187
          ],
          [
            -4.01413,
            40.88189
          ],
          [
            -4.01413,
            40.88189
          ],
          [
            -4.01405,
            40.8818
          ],
          [
            -4.01403,
            40.88174
          ],
          [
            -4.014,
            40.88168
          ],
          [
            -4.014,
            40.88161
          ],
          [
            -4.014,
            40.88154
          ],
          [
            -4.01402,
            40.88137
          ],
          [
            -4.01401,
            40.88119
          ],
          [
            -4.014,
            40.88113
          ],
          [
            -4.01398,
            40.88105
          ],
          [
            -4.01397,
            40.88097
          ],
          [
            -4.01395,
            40.8809
          ],
          [
            -4.01393,
            40.88083
          ],
          [
            -4.01389,
            40.88077
          ],
          [
            -4.01384,
            40.88071
          ],
          [
            -4.0138,
            40.88066
          ],
          [
            -4.01375,
            40.88061
          ],
          [
            -4.01371,
            40.88056
          ],
          [
            -4.01367,
            40.88051
          ],
          [
            -4.01365,
            40.88047
          ],
          [
            -4.01363,
            40.88043
          ],
          [
            -4.01362,
            40.88042
          ],
          [
            -4.01362,
            40.88031
          ],
          [
            -4.01363,
            40.88009
          ],
          [
            -4.01364,
            40.88002
          ],
          [
            -4.01366,
            40.87994
          ],
          [
            -4.01364,
            40.87971
          ],
          [
            -4.01358,
            40.87957
          ],
          [
            -4.01356,
            40.87951
          ],
          [
            -4.01354,
            40.87945
          ],
          [
            -4.01351,
            40.87938
          ],
          [
            -4.01349,
            40.87932
          ],
          [
            -4.01347,
            40.87926
          ],
          [
            -4.01346,
            40.87921
          ],
          [
            -4.01345,
            40.87916
          ],
          [
            -4.01344,
            40.87913
          ],
          [
            -4.01343,
            40.87908
          ],
          [
            -4.01341,
            40.87903
          ],
          [
            -4.01337,
            40.87898
          ],
          [
            -4.01333,
            40.87893
          ],
          [
            -4.01329,
            40.87888
          ],
          [
            -4.01326,
            40.87883
          ],
          [
            -4.01323,
            40.87878
          ],
          [
            -4.0132,
            40.87873
          ],
          [
            -4.01316,
            40.87868
          ],
          [
            -4.01312,
            40.87864
          ],
          [
            -4.01307,
            40.87858
          ],
          [
            -4.01302,
            40.87852
          ],
          [
            -4.01298,
            40.87848
          ],
          [
            -4.0129,
            40.87845
          ],
          [
            -4.01284,
            40.87843
          ],
          [
            -4.01277,
            40.87844
          ],
          [
            -4.01272,
            40.87849
          ],
          [
            -4.01271,
            40.87854
          ],
          [
            -4.0127,
            40.8786
          ],
          [
            -4.01271,
            40.87864
          ],
          [
            -4.01271,
            40.8787
          ],
          [
            -4.0127,
            40.87875
          ],
          [
            -4.0127,
            40.8788
          ],
          [
            -4.01268,
            40.87886
          ],
          [
            -4.01265,
            40.87892
          ],
          [
            -4.01263,
            40.87898
          ],
          [
            -4.01261,
            40.87905
          ],
          [
            -4.0126,
            40.87915
          ],
          [
            -4.01258,
            40.87922
          ],
          [
            -4.01256,
            40.87929
          ],
          [
            -4.01253,
            40.87936
          ],
          [
            -4.0125,
            40.87943
          ],
          [
            -4.01245,
            40.8795
          ],
          [
            -4.0124,
            40.87957
          ],
          [
            -4.01234,
            40.87962
          ],
          [
            -4.01228,
            40.87966
          ],
          [
            -4.0122,
            40.8797
          ],
          [
            -4.01213,
            40.87973
          ],
          [
            -4.01207,
            40.87972
          ],
          [
            -4.01201,
            40.87972
          ],
          [
            -4.01195,
            40.87971
          ],
          [
            -4.01191,
            40.87969
          ],
          [
            -4.01186,
            40.87966
          ],
          [
            -4.0118,
            40.87961
          ],
          [
            -4.01174,
            40.87958
          ],
          [
            -4.01168,
            40.87955
          ],
          [
            -4.01161,
            40.87953
          ],
          [
            -4.01154,
            40.87951
          ],
          [
            -4.01147,
            40.8795
          ],
          [
            -4.01141,
            40.87949
          ],
          [
            -4.01134,
            40.87951
          ],
          [
            -4.01128,
            40.87953
          ],
          [
            -4.01123,
            40.87956
          ],
          [
            -4.01118,
            40.87958
          ],
          [
            -4.01114,
            40.87957
          ],
          [
            -4.0111,
            40.87953
          ],
          [
            -4.01107,
            40.87949
          ],
          [
            -4.01105,
            40.87945
          ],
          [
            -4.01103,
            40.87939
          ],
          [
            -4.01101,
            40.87934
          ],
          [
            -4.01098,
            40.87929
          ],
          [
            -4.01095,
            40.87925
          ],
          [
            -4.01093,
            40.87921
          ],
          [
            -4.01092,
            40.87921
          ],
          [
            -4.01085,
            40.87914
          ],
          [
            -4.01081,
            40.87909
          ],
          [
            -4.01072,
            40.87898
          ],
          [
            -4.01066,
            40.87895
          ],
          [
            -4.01044,
            40.87882
          ],
          [
            -4.01035,
            40.87879
          ],
          [
            -4.01028,
            40.87878
          ],
          [
            -4.01017,
            40.87875
          ],
          [
            -4.01011,
            40.87874
          ],
          [
            -4.01004,
            40.87872
          ],
          [
            -4.00997,
            40.8787
          ],
          [
            -4.0099,
            40.87869
          ],
          [
            -4.00983,
            40.87868
          ],
          [
            -4.00977,
            40.87867
          ],
          [
            -4.00972,
            40.87865
          ],
          [
            -4.00966,
            40.87864
          ],
          [
            -4.00961,
            40.87863
          ],
          [
            -4.00956,
            40.87861
          ],
          [
            -4.00951,
            40.87859
          ],
          [
            -4.00946,
            40.87857
          ],
          [
            -4.0094,
            40.87856
          ],
          [
            -4.00934,
            40.87855
          ],
          [
            -4.00928,
            40.87854
          ],
          [
            -4.00922,
            40.87853
          ],
          [
            -4.00916,
            40.87852
          ],
          [
            -4.00911,
            40.8785
          ],
          [
            -4.00905,
            40.87848
          ],
          [
            -4.009,
            40.87846
          ],
          [
            -4.00896,
            40.87841
          ],
          [
            -4.00892,
            40.87835
          ],
          [
            -4.00889,
            40.87829
          ],
          [
            -4.00886,
            40.8782
          ],
          [
            -4.00884,
            40.87812
          ],
          [
            -4.00882,
            40.87803
          ],
          [
            -4.00879,
            40.87796
          ],
          [
            -4.00876,
            40.87789
          ],
          [
            -4.00873,
            40.87782
          ],
          [
            -4.0087,
            40.87776
          ],
          [
            -4.00866,
            40.8777
          ],
          [
            -4.00862,
            40.87764
          ],
          [
            -4.0086,
            40.87759
          ],
          [
            -4.00859,
            40.87754
          ],
          [
            -4.00858,
            40.87747
          ],
          [
            -4.00858,
            40.87742
          ],
          [
            -4.00855,
            40.87736
          ],
          [
            -4.00854,
            40.87731
          ],
          [
            -4.0085,
            40.87726
          ],
          [
            -4.00848,
            40.87722
          ],
          [
            -4.00844,
            40.87716
          ],
          [
            -4.00841,
            40.87711
          ],
          [
            -4.00838,
            40.87706
          ],
          [
            -4.00834,
            40.87702
          ],
          [
            -4.00831,
            40.877
          ],
          [
            -4.00826,
            40.87701
          ],
          [
            -4.00821,
            40.87704
          ],
          [
            -4.00818,
            40.87708
          ],
          [
            -4.00816,
            40.87713
          ],
          [
            -4.00814,
            40.87718
          ],
          [
            -4.00812,
            40.87723
          ],
          [
            -4.00812,
            40.87728
          ],
          [
            -4.00811,
            40.87733
          ],
          [
            -4.00809,
            40.87738
          ],
          [
            -4.00807,
            40.87744
          ],
          [
            -4.00806,
            40.8775
          ],
          [
            -4.00805,
            40.87756
          ],
          [
            -4.00803,
            40.87763
          ],
          [
            -4.00802,
            40.8777
          ],
          [
            -4.00801,
            40.87776
          ],
          [
            -4.00801,
            40.87782
          ],
          [
            -4.00802,
            40.87789
          ],
          [
            -4.00803,
            40.87797
          ],
          [
            -4.00801,
            40.87806
          ],
          [
            -4.00798,
            40.87815
          ],
          [
            -4.00798,
            40.87824
          ],
          [
            -4.00799,
            40.87834
          ],
          [
            -4.00801,
            40.87842
          ],
          [
            -4.00803,
            40.8785
          ],
          [
            -4.00805,
            40.87858
          ],
          [
            -4.00808,
            40.87866
          ],
          [
            -4.00812,
            40.87874
          ],
          [
            -4.00816,
            40.87881
          ],
          [
            -4.00821,
            40.87888
          ],
          [
            -4.00827,
            40.87894
          ],
          [
            -4.00833,
            40.87901
          ],
          [
            -4.00838,
            40.87908
          ],
          [
            -4.00844,
            40.87913
          ],
          [
            -4.00849,
            40.8792
          ],
          [
            -4.0085,
            40.87926
          ],
          [
            -4.00845,
            40.87932
          ],
          [
            -4.00837,
            40.87933
          ],
          [
            -4.00829,
            40.87931
          ],
          [
            -4.00821,
            40.87928
          ],
          [
            -4.00813,
            40.87924
          ],
          [
            -4.00806,
            40.87921
          ],
          [
            -4.00799,
            40.87918
          ],
          [
            -4.00792,
            40.87916
          ],
          [
            -4.00785,
            40.87913
          ],
          [
            -4.00778,
            40.87911
          ],
          [
            -4.00771,
            40.8791
          ],
          [
            -4.00765,
            40.87909
          ],
          [
            -4.00757,
            40.87909
          ],
          [
            -4.0075,
            40.87909
          ],
          [
            -4.00744,
            40.87908
          ],
          [
            -4.00737,
            40.87908
          ],
          [
            -4.0073,
            40.87907
          ],
          [
            -4.00724,
            40.87906
          ],
          [
            -4.00717,
            40.87905
          ],
          [
            -4.00711,
            40.87905
          ],
          [
            -4.00704,
            40.87904
          ],
          [
            -4.00698,
            40.87902
          ],
          [
            -4.00692,
            40.87901
          ],
          [
            -4.00687,
            40.87898
          ],
          [
            -4.00683,
            40.87894
          ],
          [
            -4.00678,
            40.87891
          ],
          [
            -4.00674,
            40.87888
          ],
          [
            -4.00669,
            40.87884
          ],
          [
            -4.00665,
            40.8788
          ],
          [
            -4.0066,
            40.87877
          ],
          [
            -4.00655,
            40.87875
          ],
          [
            -4.00651,
            40.87871
          ],
          [
            -4.00647,
            40.87867
          ],
          [
            -4.00644,
            40.87864
          ],
          [
            -4.0064,
            40.8786
          ],
          [
            -4.00636,
            40.87857
          ],
          [
            -4.00631,
            40.87853
          ],
          [
            -4.00627,
            40.87849
          ],
          [
            -4.00623,
            40.87845
          ],
          [
            -4.0062,
            40.87841
          ],
          [
            -4.00616,
            40.87836
          ],
          [
            -4.00613,
            40.87832
          ],
          [
            -4.00607,
            40.87831
          ],
          [
            -4.00601,
            40.8783
          ],
          [
            -4.00594,
            40.87828
          ],
          [
            -4.00589,
            40.87826
          ],
          [
            -4.00584,
            40.87823
          ],
          [
            -4.0058,
            40.8782
          ],
          [
            -4.00576,
            40.87817
          ],
          [
            -4.00573,
            40.87814
          ],
          [
            -4.00568,
            40.87811
          ],
          [
            -4.00563,
            40.87808
          ],
          [
            -4.00557,
            40.87807
          ],
          [
            -4.00552,
            40.87808
          ],
          [
            -4.00546,
            40.87807
          ],
          [
            -4.00542,
            40.87804
          ],
          [
            -4.00538,
            40.87801
          ],
          [
            -4.00535,
            40.87798
          ],
          [
            -4.00533,
            40.87795
          ],
          [
            -4.0053,
            40.87791
          ],
          [
            -4.00529,
            40.87788
          ],
          [
            -4.00525,
            40.87784
          ],
          [
            -4.00521,
            40.87781
          ],
          [
            -4.00516,
            40.87777
          ],
          [
            -4.00509,
            40.87767
          ],
          [
            -4.005,
            40.87748
          ],
          [
            -4.00494,
            40.87736
          ],
          [
            -4.0049,
            40.87729
          ],
          [
            -4.00491,
            40.87725
          ],
          [
            -4.00496,
            40.87723
          ],
          [
            -4.00503,
            40.8772
          ],
          [
            -4.00507,
            40.87717
          ],
          [
            -4.00509,
            40.87713
          ],
          [
            -4.00513,
            40.87711
          ],
          [
            -4.00521,
            40.87709
          ],
          [
            -4.00527,
            40.87706
          ],
          [
            -4.00529,
            40.87702
          ],
          [
            -4.00529,
            40.87697
          ],
          [
            -4.00531,
            40.87692
          ],
          [
            -4.00531,
            40.87687
          ],
          [
            -4.00531,
            40.8768
          ],
          [
            -4.00531,
            40.87675
          ],
          [
            -4.00532,
            40.8767
          ],
          [
            -4.00532,
            40.87664
          ],
          [
            -4.00536,
            40.87661
          ],
          [
            -4.00541,
            40.87658
          ],
          [
            -4.00543,
            40.87653
          ],
          [
            -4.00544,
            40.87648
          ],
          [
            -4.00543,
            40.87643
          ],
          [
            -4.00538,
            40.87641
          ],
          [
            -4.00532,
            40.87641
          ],
          [
            -4.00526,
            40.87638
          ],
          [
            -4.00527,
            40.87634
          ],
          [
            -4.00528,
            40.8763
          ],
          [
            -4.00529,
            40.8763
          ],
          [
            -4.00532,
            40.87621
          ],
          [
            -4.00534,
            40.87616
          ],
          [
            -4.00533,
            40.87611
          ],
          [
            -4.00532,
            40.87608
          ],
          [
            -4.00533,
            40.87604
          ],
          [
            -4.00536,
            40.876
          ],
          [
            -4.00539,
            40.87597
          ],
          [
            -4.00542,
            40.87593
          ],
          [
            -4.00545,
            40.8759
          ],
          [
            -4.00549,
            40.87586
          ],
          [
            -4.00554,
            40.87584
          ],
          [
            -4.0056,
            40.87582
          ],
          [
            -4.00566,
            40.87579
          ],
          [
            -4.0057,
            40.87575
          ],
          [
            -4.00571,
            40.87571
          ],
          [
            -4.00571,
            40.87566
          ],
          [
            -4.00571,
            40.87563
          ],
          [
            -4.00571,
            40.87558
          ],
          [
            -4.00574,
            40.87555
          ],
          [
            -4.00577,
            40.87551
          ],
          [
            -4.00579,
            40.87547
          ],
          [
            -4.00582,
            40.87543
          ],
          [
            -4.00585,
            40.8754
          ],
          [
            -4.00587,
            40.87536
          ],
          [
            -4.00588,
            40.87532
          ],
          [
            -4.0059,
            40.87531
          ],
          [
            -4.0059,
            40.87531
          ],
          [
            -4.00589,
            40.8752
          ],
          [
            -4.00589,
            40.87514
          ],
          [
            -4.00589,
            40.87509
          ],
          [
            -4.00587,
            40.87499
          ],
          [
            -4.00587,
            40.87495
          ],
          [
            -4.00585,
            40.8749
          ],
          [
            -4.00583,
            40.87486
          ],
          [
            -4.00582,
            40.87482
          ],
          [
            -4.0058,
            40.87479
          ],
          [
            -4.00579,
            40.87474
          ],
          [
            -4.00578,
            40.8747
          ],
          [
            -4.00575,
            40.87466
          ],
          [
            -4.00573,
            40.87462
          ],
          [
            -4.00571,
            40.87458
          ],
          [
            -4.0057,
            40.87454
          ],
          [
            -4.00568,
            40.8745
          ],
          [
            -4.00565,
            40.87446
          ],
          [
            -4.00562,
            40.87442
          ],
          [
            -4.00558,
            40.87438
          ],
          [
            -4.00554,
            40.87435
          ],
          [
            -4.0055,
            40.87431
          ],
          [
            -4.00545,
            40.87428
          ],
          [
            -4.0054,
            40.87425
          ],
          [
            -4.00535,
            40.87421
          ],
          [
            -4.00531,
            40.87418
          ],
          [
            -4.00529,
            40.87413
          ],
          [
            -4.00529,
            40.87407
          ],
          [
            -4.00528,
            40.87401
          ],
          [
            -4.00526,
            40.87396
          ],
          [
            -4.00519,
            40.87392
          ],
          [
            -4.00512,
            40.8739
          ],
          [
            -4.00505,
            40.87387
          ],
          [
            -4.00498,
            40.87384
          ],
          [
            -4.00493,
            40.87382
          ],
          [
            -4.00489,
            40.87379
          ],
          [
            -4.00486,
            40.87378
          ],
          [
            -4.00484,
            40.87376
          ],
          [
            -4.00474,
            40.87367
          ],
          [
            -4.00465,
            40.87364
          ],
          [
            -4.00455,
            40.8736
          ],
          [
            -4.0044,
            40.87354
          ],
          [
            -4.00428,
            40.87345
          ],
          [
            -4.00417,
            40.87345
          ],
          [
            -4.00405,
            40.87346
          ],
          [
            -4.00395,
            40.87346
          ],
          [
            -4.00387,
            40.87344
          ],
          [
            -4.00382,
            40.87337
          ],
          [
            -4.00376,
            40.87332
          ],
          [
            -4.00368,
            40.87326
          ],
          [
            -4.00359,
            40.87314
          ],
          [
            -4.00356,
            40.87307
          ],
          [
            -4.00352,
            40.87301
          ],
          [
            -4.00349,
            40.87295
          ],
          [
            -4.00347,
            40.8729
          ],
          [
            -4.00343,
            40.87285
          ],
          [
            -4.00338,
            40.87282
          ],
          [
            -4.00333,
            40.8728
          ],
          [
            -4.00324,
            40.87277
          ],
          [
            -4.00315,
            40.87272
          ],
          [
            -4.0031,
            40.8727
          ],
          [
            -4.00299,
            40.87264
          ],
          [
            -4.00283,
            40.87251
          ],
          [
            -4.00271,
            40.87248
          ],
          [
            -4.00256,
            40.87248
          ],
          [
            -4.00241,
            40.87246
          ],
          [
            -4.0023,
            40.87242
          ],
          [
            -4.0022,
            40.87235
          ],
          [
            -4.00204,
            40.87225
          ],
          [
            -4.00184,
            40.87223
          ],
          [
            -4.00168,
            40.87225
          ],
          [
            -4.00145,
            40.87224
          ],
          [
            -4.00128,
            40.87225
          ],
          [
            -4.0008,
            40.87217
          ],
          [
            -4.00062,
            40.87209
          ],
          [
            -4.00044,
            40.87199
          ],
          [
            -4.00029,
            40.87189
          ],
          [
            -4.00017,
            40.87178
          ],
          [
            -4.00003,
            40.87171
          ],
          [
            -3.9999,
            40.87167
          ],
          [
            -3.99978,
            40.87164
          ],
          [
            -3.99968,
            40.87159
          ],
          [
            -3.99959,
            40.87156
          ],
          [
            -3.99949,
            40.87156
          ],
          [
            -3.99939,
            40.87155
          ],
          [
            -3.99929,
            40.87151
          ],
          [
            -3.99918,
            40.87146
          ],
          [
            -3.99905,
            40.87135
          ],
          [
            -3.99888,
            40.87119
          ],
          [
            -3.99876,
            40.87109
          ],
          [
            -3.99866,
            40.87103
          ],
          [
            -3.99856,
            40.87099
          ],
          [
            -3.99844,
            40.87096
          ],
          [
            -3.99833,
            40.87093
          ],
          [
            -3.99825,
            40.87088
          ],
          [
            -3.99815,
            40.87084
          ],
          [
            -3.99804,
            40.87079
          ],
          [
            -3.99791,
            40.87074
          ],
          [
            -3.9978,
            40.8707
          ],
          [
            -3.99769,
            40.87066
          ],
          [
            -3.99758,
            40.87061
          ],
          [
            -3.99749,
            40.87056
          ],
          [
            -3.99714,
            40.87023
          ],
          [
            -3.99708,
            40.87014
          ],
          [
            -3.99699,
            40.87
          ],
          [
            -3.99689,
            40.86996
          ],
          [
            -3.99679,
            40.86995
          ],
          [
            -3.99663,
            40.86994
          ],
          [
            -3.99644,
            40.86991
          ],
          [
            -3.99627,
            40.86987
          ],
          [
            -3.99622,
            40.86989
          ],
          [
            -3.9962,
            40.86992
          ],
          [
            -3.99618,
            40.86997
          ],
          [
            -3.99605,
            40.87006
          ],
          [
            -3.99595,
            40.87011
          ],
          [
            -3.99586,
            40.87014
          ],
          [
            -3.99579,
            40.87019
          ],
          [
            -3.99572,
            40.87026
          ],
          [
            -3.99558,
            40.87037
          ],
          [
            -3.99545,
            40.87047
          ],
          [
            -3.99539,
            40.87054
          ],
          [
            -3.99531,
            40.87057
          ],
          [
            -3.99524,
            40.87059
          ],
          [
            -3.99518,
            40.87062
          ],
          [
            -3.99513,
            40.87065
          ],
          [
            -3.99488,
            40.87075
          ],
          [
            -3.99463,
            40.87088
          ],
          [
            -3.99444,
            40.87096
          ],
          [
            -3.99435,
            40.87101
          ],
          [
            -3.99426,
            40.87105
          ],
          [
            -3.99416,
            40.87111
          ],
          [
            -3.99408,
            40.87117
          ],
          [
            -3.99396,
            40.87128
          ],
          [
            -3.99382,
            40.87141
          ],
          [
            -3.9937,
            40.87152
          ],
          [
            -3.99365,
            40.87161
          ],
          [
            -3.99363,
            40.87174
          ],
          [
            -3.99365,
            40.87186
          ],
          [
            -3.99366,
            40.87198
          ],
          [
            -3.99368,
            40.87208
          ],
          [
            -3.99372,
            40.87217
          ],
          [
            -3.99375,
            40.87224
          ],
          [
            -3.99377,
            40.8723
          ],
          [
            -3.99377,
            40.87244
          ],
          [
            -3.99371,
            40.87251
          ],
          [
            -3.99362,
            40.87256
          ],
          [
            -3.99352,
            40.87259
          ],
          [
            -3.99344,
            40.87262
          ],
          [
            -3.99339,
            40.87264
          ],
          [
            -3.99336,
            40.87267
          ],
          [
            -3.99337,
            40.8727
          ],
          [
            -3.9934,
            40.87273
          ],
          [
            -3.99347,
            40.87275
          ],
          [
            -3.99356,
            40.87282
          ],
          [
            -3.99368,
            40.87296
          ],
          [
            -3.99385,
            40.87317
          ],
          [
            -3.99395,
            40.87326
          ],
          [
            -3.99397,
            40.87335
          ],
          [
            -3.99401,
            40.87342
          ],
          [
            -3.9941,
            40.8736
          ],
          [
            -3.99421,
            40.87383
          ],
          [
            -3.99424,
            40.87395
          ],
          [
            -3.99427,
            40.87407
          ],
          [
            -3.99443,
            40.87433
          ],
          [
            -3.99447,
            40.87446
          ],
          [
            -3.99447,
            40.87463
          ],
          [
            -3.99444,
            40.87486
          ],
          [
            -3.99451,
            40.87511
          ],
          [
            -3.99463,
            40.87535
          ],
          [
            -3.99468,
            40.87559
          ],
          [
            -3.99469,
            40.87598
          ],
          [
            -3.99468,
            40.87631
          ],
          [
            -3.99463,
            40.87647
          ],
          [
            -3.99451,
            40.87667
          ],
          [
            -3.99451,
            40.87676
          ],
          [
            -3.99452,
            40.87688
          ],
          [
            -3.99458,
            40.87706
          ],
          [
            -3.99474,
            40.87739
          ],
          [
            -3.99485,
            40.87749
          ],
          [
            -3.99498,
            40.87756
          ],
          [
            -3.99514,
            40.87761
          ],
          [
            -3.99553,
            40.87769
          ],
          [
            -3.99561,
            40.87776
          ],
          [
            -3.99562,
            40.87787
          ],
          [
            -3.99559,
            40.87799
          ],
          [
            -3.99554,
            40.8781
          ],
          [
            -3.99545,
            40.87831
          ],
          [
            -3.99537,
            40.87847
          ],
          [
            -3.99535,
            40.87866
          ],
          [
            -3.99532,
            40.87895
          ],
          [
            -3.99526,
            40.87924
          ],
          [
            -3.99531,
            40.87938
          ],
          [
            -3.99537,
            40.87961
          ],
          [
            -3.99535,
            40.87978
          ],
          [
            -3.99536,
            40.88003
          ],
          [
            -3.99543,
            40.88016
          ],
          [
            -3.99559,
            40.88029
          ],
          [
            -3.99577,
            40.88037
          ],
          [
            -3.99595,
            40.88044
          ],
          [
            -3.99608,
            40.88052
          ],
          [
            -3.99641,
            40.8807
          ],
          [
            -3.99649,
            40.88074
          ],
          [
            -3.99657,
            40.88076
          ],
          [
            -3.99668,
            40.88071
          ],
          [
            -3.99679,
            40.88057
          ],
          [
            -3.9968,
            40.88045
          ],
          [
            -3.99679,
            40.88031
          ],
          [
            -3.99687,
            40.88016
          ],
          [
            -3.99704,
            40.88007
          ],
          [
            -3.99744,
            40.88011
          ],
          [
            -3.99774,
            40.88018
          ],
          [
            -3.99819,
            40.8803
          ],
          [
            -3.99875,
            40.88035
          ],
          [
            -3.99931,
            40.88037
          ],
          [
            -3.99986,
            40.88038
          ],
          [
            -4.00015,
            40.88045
          ],
          [
            -4.00038,
            40.8806
          ],
          [
            -4.00054,
            40.8808
          ],
          [
            -4.00065,
            40.88101
          ],
          [
            -4.00081,
            40.88129
          ],
          [
            -4.00088,
            40.88143
          ],
          [
            -4.00085,
            40.88154
          ],
          [
            -4.00077,
            40.88164
          ],
          [
            -4.00072,
            40.88172
          ],
          [
            -4.00073,
            40.88182
          ],
          [
            -4.00075,
            40.8819
          ],
          [
            -4.00074,
            40.88197
          ],
          [
            -4.00071,
            40.88203
          ],
          [
            -4.00065,
            40.88208
          ],
          [
            -4.00062,
            40.88212
          ],
          [
            -4.00062,
            40.8822
          ],
          [
            -4.00061,
            40.88228
          ],
          [
            -4.00056,
            40.88238
          ],
          [
            -4.00039,
            40.88254
          ],
          [
            -4.00033,
            40.8826
          ],
          [
            -4.00027,
            40.8827
          ],
          [
            -4.00024,
            40.88282
          ],
          [
            -4.00021,
            40.8829
          ],
          [
            -4.00015,
            40.88297
          ],
          [
            -4.00007,
            40.88301
          ],
          [
            -3.99998,
            40.88304
          ],
          [
            -3.9999,
            40.88308
          ],
          [
            -3.99983,
            40.88312
          ],
          [
            -3.99975,
            40.88316
          ],
          [
            -3.99967,
            40.88319
          ],
          [
            -3.99957,
            40.88322
          ],
          [
            -3.99949,
            40.88326
          ],
          [
            -3.9994,
            40.8833
          ],
          [
            -3.99931,
            40.88334
          ],
          [
            -3.99923,
            40.8834
          ],
          [
            -3.99913,
            40.88347
          ],
          [
            -3.99905,
            40.88356
          ],
          [
            -3.99894,
            40.88369
          ],
          [
            -3.99886,
            40.88385
          ],
          [
            -3.99876,
            40.88403
          ],
          [
            -3.99858,
            40.88417
          ],
          [
            -3.9983,
            40.88434
          ],
          [
            -3.99814,
            40.88445
          ],
          [
            -3.99801,
            40.88457
          ],
          [
            -3.99786,
            40.88468
          ],
          [
            -3.99771,
            40.88476
          ],
          [
            -3.99732,
            40.88496
          ],
          [
            -3.99704,
            40.88506
          ],
          [
            -3.99692,
            40.88512
          ],
          [
            -3.99675,
            40.8852
          ],
          [
            -3.99659,
            40.88524
          ],
          [
            -3.99646,
            40.8853
          ],
          [
            -3.99639,
            40.88538
          ],
          [
            -3.99631,
            40.88547
          ],
          [
            -3.99618,
            40.88552
          ],
          [
            -3.99607,
            40.88556
          ],
          [
            -3.99598,
            40.88562
          ],
          [
            -3.99584,
            40.88573
          ],
          [
            -3.99575,
            40.88578
          ],
          [
            -3.99566,
            40.88581
          ],
          [
            -3.99559,
            40.88585
          ],
          [
            -3.99549,
            40.88595
          ],
          [
            -3.99536,
            40.88603
          ],
          [
            -3.99526,
            40.88608
          ],
          [
            -3.99517,
            40.88612
          ],
          [
            -3.99509,
            40.88617
          ],
          [
            -3.99502,
            40.88623
          ],
          [
            -3.99495,
            40.8863
          ],
          [
            -3.99491,
            40.88637
          ],
          [
            -3.99492,
            40.88645
          ],
          [
            -3.99496,
            40.88649
          ],
          [
            -3.995,
            40.88648
          ],
          [
            -3.99503,
            40.88645
          ],
          [
            -3.99508,
            40.88643
          ],
          [
            -3.99511,
            40.88642
          ],
          [
            -3.99513,
            40.88641
          ],
          [
            -3.99518,
            40.88641
          ],
          [
            -3.9952,
            40.88641
          ],
          [
            -3.9952,
            40.88641
          ],
          [
            -3.99526,
            40.88638
          ],
          [
            -3.9953,
            40.8864
          ],
          [
            -3.99537,
            40.88641
          ],
          [
            -3.99537,
            40.88641
          ],
          [
            -3.99544,
            40.88639
          ],
          [
            -3.99545,
            40.88639
          ],
          [
            -3.99556,
            40.88639
          ],
          [
            -3.99563,
            40.88641
          ],
          [
            -3.99575,
            40.88642
          ],
          [
            -3.99596,
            40.88645
          ],
          [
            -3.99609,
            40.88643
          ],
          [
            -3.99623,
            40.88639
          ],
          [
            -3.99636,
            40.88638
          ],
          [
            -3.9966,
            40.88636
          ],
          [
            -3.997,
            40.88626
          ],
          [
            -3.99714,
            40.88619
          ],
          [
            -3.9974,
            40.88612
          ],
          [
            -3.99759,
            40.88607
          ],
          [
            -3.99774,
            40.88605
          ],
          [
            -3.99791,
            40.88603
          ],
          [
            -3.99814,
            40.88595
          ],
          [
            -3.99829,
            40.88588
          ],
          [
            -3.99844,
            40.88585
          ],
          [
            -3.99857,
            40.88585
          ],
          [
            -3.99871,
            40.88582
          ],
          [
            -3.99883,
            40.8858
          ],
          [
            -3.99908,
            40.88579
          ],
          [
            -3.99925,
            40.88575
          ],
          [
            -3.99945,
            40.88573
          ],
          [
            -3.99962,
            40.88574
          ],
          [
            -3.99976,
            40.88573
          ],
          [
            -3.99994,
            40.8857
          ],
          [
            -4.00016,
            40.88564
          ],
          [
            -4.00031,
            40.8856
          ],
          [
            -4.00048,
            40.8856
          ],
          [
            -4.00063,
            40.88563
          ],
          [
            -4.00079,
            40.88563
          ],
          [
            -4.00105,
            40.88562
          ],
          [
            -4.00138,
            40.88555
          ],
          [
            -4.00146,
            40.88558
          ],
          [
            -4.00157,
            40.88563
          ],
          [
            -4.00176,
            40.8857
          ],
          [
            -4.002,
            40.88583
          ],
          [
            -4.00211,
            40.88596
          ],
          [
            -4.00213,
            40.88602
          ],
          [
            -4.00218,
            40.88608
          ],
          [
            -4.00223,
            40.88612
          ],
          [
            -4.00229,
            40.88616
          ],
          [
            -4.00241,
            40.88628
          ],
          [
            -4.00263,
            40.88636
          ],
          [
            -4.00284,
            40.88642
          ],
          [
            -4.00298,
            40.88648
          ],
          [
            -4.0031,
            40.88657
          ],
          [
            -4.00315,
            40.88663
          ],
          [
            -4.00324,
            40.8867
          ],
          [
            -4.00345,
            40.88683
          ],
          [
            -4.00353,
            40.88694
          ],
          [
            -4.00357,
            40.88703
          ],
          [
            -4.00363,
            40.88715
          ],
          [
            -4.00371,
            40.88727
          ],
          [
            -4.0039,
            40.88741
          ],
          [
            -4.00401,
            40.88748
          ],
          [
            -4.00414,
            40.88751
          ],
          [
            -4.00425,
            40.88755
          ],
          [
            -4.00434,
            40.88762
          ],
          [
            -4.00446,
            40.88771
          ],
          [
            -4.00471,
            40.88785
          ],
          [
            -4.00494,
            40.88795
          ],
          [
            -4.00518,
            40.88801
          ],
          [
            -4.00528,
            40.88801
          ],
          [
            -4.00537,
            40.88803
          ],
          [
            -4.00552,
            40.88806
          ],
          [
            -4.00585,
            40.88809
          ],
          [
            -4.006,
            40.8881
          ],
          [
            -4.00613,
            40.8881
          ],
          [
            -4.00656,
            40.88813
          ],
          [
            -4.00671,
            40.88817
          ],
          [
            -4.0069,
            40.88824
          ],
          [
            -4.00705,
            40.88833
          ],
          [
            -4.00716,
            40.8884
          ],
          [
            -4.00738,
            40.88849
          ],
          [
            -4.00762,
            40.88862
          ],
          [
            -4.00771,
            40.88869
          ],
          [
            -4.00781,
            40.88874
          ],
          [
            -4.00796,
            40.88884
          ],
          [
            -4.00803,
            40.88891
          ],
          [
            -4.00818,
            40.88903
          ],
          [
            -4.00834,
            40.88908
          ],
          [
            -4.00848,
            40.88913
          ],
          [
            -4.00856,
            40.88916
          ],
          [
            -4.00865,
            40.8892
          ],
          [
            -4.00895,
            40.88924
          ],
          [
            -4.00909,
            40.8893
          ],
          [
            -4.00915,
            40.88937
          ],
          [
            -4.00917,
            40.88945
          ],
          [
            -4.00918,
            40.88955
          ],
          [
            -4.0092,
            40.88969
          ],
          [
            -4.00929,
            40.88974
          ],
          [
            -4.00938,
            40.88978
          ],
          [
            -4.00953,
            40.88984
          ],
          [
            -4.00974,
            40.89002
          ],
          [
            -4.0098,
            40.89012
          ],
          [
            -4.01004,
            40.89045
          ],
          [
            -4.01012,
            40.89055
          ],
          [
            -4.01029,
            40.89083
          ],
          [
            -4.01049,
            40.8911
          ],
          [
            -4.01057,
            40.89122
          ],
          [
            -4.01068,
            40.89134
          ],
          [
            -4.01078,
            40.89144
          ],
          [
            -4.01092,
            40.89162
          ],
          [
            -4.01096,
            40.89173
          ],
          [
            -4.01102,
            40.89187
          ],
          [
            -4.01103,
            40.89193
          ],
          [
            -4.01098,
            40.89196
          ],
          [
            -4.01091,
            40.89198
          ],
          [
            -4.01089,
            40.89202
          ],
          [
            -4.01093,
            40.89211
          ],
          [
            -4.011,
            40.89223
          ],
          [
            -4.01106,
            40.8924
          ],
          [
            -4.01125,
            40.89258
          ],
          [
            -4.01134,
            40.89267
          ],
          [
            -4.01137,
            40.89278
          ],
          [
            -4.01137,
            40.89285
          ],
          [
            -4.01135,
            40.89294
          ],
          [
            -4.01135,
            40.89313
          ],
          [
            -4.01134,
            40.89315
          ],
          [
            -4.01134,
            40.89316
          ],
          [
            -4.01149,
            40.89335
          ],
          [
            -4.01159,
            40.89347
          ],
          [
            -4.01172,
            40.89357
          ],
          [
            -4.01176,
            40.89368
          ],
          [
            -4.01176,
            40.8938
          ],
          [
            -4.0118,
            40.89392
          ],
          [
            -4.01184,
            40.89412
          ],
          [
            -4.01186,
            40.89425
          ],
          [
            -4.01182,
            40.89446
          ],
          [
            -4.01177,
            40.89466
          ],
          [
            -4.01172,
            40.89488
          ],
          [
            -4.01162,
            40.89496
          ],
          [
            -4.01157,
            40.89504
          ],
          [
            -4.01159,
            40.89513
          ],
          [
            -4.01164,
            40.89519
          ],
          [
            -4.0117,
            40.89523
          ],
          [
            -4.01175,
            40.89527
          ],
          [
            -4.01178,
            40.89535
          ],
          [
            -4.0118,
            40.89545
          ],
          [
            -4.01187,
            40.89567
          ],
          [
            -4.01191,
            40.89576
          ],
          [
            -4.01201,
            40.89609
          ],
          [
            -4.01211,
            40.89652
          ],
          [
            -4.01216,
            40.89666
          ],
          [
            -4.01222,
            40.89693
          ],
          [
            -4.01222,
            40.89707
          ],
          [
            -4.01224,
            40.89713
          ],
          [
            -4.01223,
            40.89715
          ],
          [
            -4.01231,
            40.89716
          ],
          [
            -4.01234,
            40.89716
          ],
          [
            -4.01237,
            40.89716
          ],
          [
            -4.01239,
            40.89716
          ],
          [
            -4.0124,
            40.89711
          ],
          [
            -4.01244,
            40.89706
          ],
          [
            -4.0125,
            40.89703
          ],
          [
            -4.01256,
            40.89697
          ],
          [
            -4.01274,
            40.8968
          ],
          [
            -4.01286,
            40.89671
          ],
          [
            -4.01298,
            40.89664
          ],
          [
            -4.01311,
            40.89664
          ],
          [
            -4.01322,
            40.89671
          ],
          [
            -4.01333,
            40.89679
          ],
          [
            -4.0134,
            40.89688
          ],
          [
            -4.01347,
            40.89695
          ],
          [
            -4.01357,
            40.89702
          ],
          [
            -4.01367,
            40.89709
          ],
          [
            -4.01383,
            40.89724
          ],
          [
            -4.01394,
            40.89735
          ],
          [
            -4.01422,
            40.89764
          ],
          [
            -4.01448,
            40.89787
          ],
          [
            -4.01464,
            40.89806
          ],
          [
            -4.01482,
            40.89822
          ],
          [
            -4.01499,
            40.89837
          ],
          [
            -4.01502,
            40.89843
          ],
          [
            -4.01498,
            40.89849
          ],
          [
            -4.01498,
            40.89859
          ],
          [
            -4.01505,
            40.89862
          ],
          [
            -4.0152,
            40.89865
          ],
          [
            -4.01525,
            40.8987
          ],
          [
            -4.01534,
            40.89878
          ],
          [
            -4.01546,
            40.89885
          ],
          [
            -4.01557,
            40.89891
          ],
          [
            -4.01561,
            40.89895
          ],
          [
            -4.01563,
            40.89899
          ],
          [
            -4.01582,
            40.89919
          ],
          [
            -4.01594,
            40.89928
          ],
          [
            -4.01599,
            40.89939
          ],
          [
            -4.01609,
            40.89948
          ],
          [
            -4.01628,
            40.89963
          ],
          [
            -4.01639,
            40.8998
          ],
          [
            -4.01644,
            40.89991
          ],
          [
            -4.01652,
            40.90008
          ],
          [
            -4.01655,
            40.90017
          ],
          [
            -4.01659,
            40.90027
          ],
          [
            -4.01667,
            40.90033
          ],
          [
            -4.01679,
            40.90035
          ],
          [
            -4.01694,
            40.90033
          ],
          [
            -4.01712,
            40.90037
          ],
          [
            -4.01737,
            40.90048
          ],
          [
            -4.01771,
            40.90067
          ],
          [
            -4.01804,
            40.90085
          ],
          [
            -4.0182,
            40.90092
          ],
          [
            -4.01844,
            40.90107
          ],
          [
            -4.01888,
            40.90133
          ],
          [
            -4.01908,
            40.90143
          ],
          [
            -4.01924,
            40.90151
          ],
          [
            -4.01944,
            40.90162
          ],
          [
            -4.01961,
            40.90172
          ],
          [
            -4.01994,
            40.90189
          ],
          [
            -4.02009,
            40.90197
          ],
          [
            -4.02023,
            40.90205
          ],
          [
            -4.02053,
            40.9022
          ],
          [
            -4.02095,
            40.90237
          ],
          [
            -4.02115,
            40.90248
          ],
          [
            -4.02116,
            40.90257
          ],
          [
            -4.02111,
            40.90266
          ],
          [
            -4.02111,
            40.90271
          ],
          [
            -4.02111,
            40.90273
          ],
          [
            -4.02111,
            40.90277
          ],
          [
            -4.02112,
            40.90283
          ],
          [
            -4.02121,
            40.90285
          ],
          [
            -4.02135,
            40.90283
          ],
          [
            -4.02148,
            40.90282
          ],
          [
            -4.02188,
            40.90282
          ],
          [
            -4.0221,
            40.90285
          ],
          [
            -4.02221,
            40.90288
          ],
          [
            -4.02228,
            40.90292
          ],
          [
            -4.02244,
            40.90293
          ],
          [
            -4.02254,
            40.90292
          ],
          [
            -4.02262,
            40.9029
          ],
          [
            -4.02269,
            40.90288
          ],
          [
            -4.02288,
            40.90279
          ],
          [
            -4.0229,
            40.90275
          ],
          [
            -4.0229,
            40.90273
          ],
          [
            -4.02291,
            40.90273
          ],
          [
            -4.0229,
            40.90279
          ],
          [
            -4.02289,
            40.90293
          ],
          [
            -4.02286,
            40.90306
          ],
          [
            -4.02288,
            40.90319
          ],
          [
            -4.02294,
            40.90328
          ],
          [
            -4.02302,
            40.9034
          ],
          [
            -4.02307,
            40.90344
          ],
          [
            -4.0231,
            40.90347
          ],
          [
            -4.02305,
            40.90349
          ],
          [
            -4.02296,
            40.90351
          ],
          [
            -4.02289,
            40.90355
          ],
          [
            -4.02281,
            40.9036
          ],
          [
            -4.02275,
            40.90364
          ],
          [
            -4.02268,
            40.90369
          ],
          [
            -4.02262,
            40.90373
          ],
          [
            -4.02255,
            40.90377
          ],
          [
            -4.02247,
            40.9038
          ],
          [
            -4.02238,
            40.90382
          ],
          [
            -4.0223,
            40.90382
          ],
          [
            -4.02221,
            40.90382
          ],
          [
            -4.0221,
            40.90383
          ],
          [
            -4.02202,
            40.90385
          ],
          [
            -4.02191,
            40.90387
          ],
          [
            -4.0218,
            40.90389
          ],
          [
            -4.0217,
            40.9039
          ],
          [
            -4.02159,
            40.90391
          ],
          [
            -4.02149,
            40.90392
          ],
          [
            -4.0214,
            40.90392
          ],
          [
            -4.02129,
            40.9039
          ],
          [
            -4.02119,
            40.90387
          ],
          [
            -4.02109,
            40.90386
          ],
          [
            -4.02098,
            40.90385
          ],
          [
            -4.02086,
            40.90384
          ],
          [
            -4.02075,
            40.90385
          ],
          [
            -4.02068,
            40.90388
          ],
          [
            -4.02067,
            40.90388
          ],
          [
            -4.02058,
            40.90395
          ],
          [
            -4.02051,
            40.90405
          ],
          [
            -4.0205,
            40.90411
          ],
          [
            -4.02052,
            40.90415
          ],
          [
            -4.02056,
            40.90422
          ],
          [
            -4.02074,
            40.90441
          ],
          [
            -4.02085,
            40.90445
          ],
          [
            -4.02097,
            40.90446
          ],
          [
            -4.0211,
            40.90446
          ],
          [
            -4.02165,
            40.90444
          ],
          [
            -4.02219,
            40.90442
          ],
          [
            -4.02279,
            40.90436
          ],
          [
            -4.02351,
            40.90429
          ],
          [
            -4.02432,
            40.90425
          ],
          [
            -4.02454,
            40.90425
          ],
          [
            -4.02486,
            40.90423
          ],
          [
            -4.02518,
            40.90421
          ],
          [
            -4.02557,
            40.90418
          ],
          [
            -4.02606,
            40.90415
          ],
          [
            -4.02664,
            40.90409
          ],
          [
            -4.027,
            40.90406
          ],
          [
            -4.0272,
            40.90404
          ],
          [
            -4.02736,
            40.90403
          ],
          [
            -4.02746,
            40.90402
          ],
          [
            -4.02748,
            40.90402
          ],
          [
            -4.02754,
            40.90401
          ],
          [
            -4.02761,
            40.904
          ],
          [
            -4.02807,
            40.90397
          ],
          [
            -4.02864,
            40.90397
          ],
          [
            -4.02899,
            40.904
          ],
          [
            -4.02981,
            40.9041
          ],
          [
            -4.0301,
            40.9041
          ],
          [
            -4.03036,
            40.90407
          ],
          [
            -4.03045,
            40.90411
          ],
          [
            -4.03052,
            40.90419
          ],
          [
            -4.03056,
            40.90428
          ],
          [
            -4.03063,
            40.90436
          ],
          [
            -4.03075,
            40.90443
          ],
          [
            -4.03087,
            40.90448
          ],
          [
            -4.03105,
            40.90455
          ],
          [
            -4.03118,
            40.9046
          ],
          [
            -4.03131,
            40.90465
          ],
          [
            -4.03143,
            40.90468
          ],
          [
            -4.03157,
            40.90473
          ],
          [
            -4.03169,
            40.90477
          ],
          [
            -4.03181,
            40.90482
          ],
          [
            -4.03194,
            40.90487
          ],
          [
            -4.03207,
            40.90492
          ],
          [
            -4.03219,
            40.90496
          ],
          [
            -4.03232,
            40.90501
          ],
          [
            -4.03244,
            40.90506
          ],
          [
            -4.03256,
            40.90509
          ],
          [
            -4.0327,
            40.90514
          ],
          [
            -4.03281,
            40.90518
          ],
          [
            -4.03295,
            40.90522
          ],
          [
            -4.03306,
            40.90526
          ],
          [
            -4.03319,
            40.9053
          ],
          [
            -4.03331,
            40.90534
          ],
          [
            -4.03342,
            40.90538
          ],
          [
            -4.03355,
            40.90541
          ],
          [
            -4.03367,
            40.90546
          ],
          [
            -4.03379,
            40.9055
          ],
          [
            -4.0339,
            40.90553
          ],
          [
            -4.03403,
            40.90557
          ],
          [
            -4.03414,
            40.90561
          ],
          [
            -4.03426,
            40.90566
          ],
          [
            -4.03437,
            40.90569
          ],
          [
            -4.03449,
            40.90573
          ],
          [
            -4.03461,
            40.90577
          ],
          [
            -4.03472,
            40.90581
          ],
          [
            -4.03482,
            40.90585
          ],
          [
            -4.03494,
            40.90589
          ],
          [
            -4.03506,
            40.90593
          ],
          [
            -4.03517,
            40.90597
          ],
          [
            -4.0353,
            40.90601
          ],
          [
            -4.03542,
            40.90606
          ],
          [
            -4.03554,
            40.9061
          ],
          [
            -4.03565,
            40.90614
          ],
          [
            -4.03579,
            40.90619
          ],
          [
            -4.03592,
            40.90624
          ],
          [
            -4.03605,
            40.90628
          ],
          [
            -4.03618,
            40.90632
          ],
          [
            -4.03631,
            40.90636
          ],
          [
            -4.03646,
            40.90641
          ],
          [
            -4.03658,
            40.90646
          ],
          [
            -4.03673,
            40.90651
          ],
          [
            -4.03686,
            40.90655
          ],
          [
            -4.03702,
            40.90661
          ],
          [
            -4.03788,
            40.90689
          ],
          [
            -4.03808,
            40.90697
          ],
          [
            -4.03823,
            40.90702
          ],
          [
            -4.03836,
            40.90707
          ],
          [
            -4.03848,
            40.90711
          ],
          [
            -4.03875,
            40.9072
          ],
          [
            -4.03961,
            40.90749
          ],
          [
            -4.0403,
            40.90772
          ],
          [
            -4.04092,
            40.9079
          ],
          [
            -4.04159,
            40.90803
          ],
          [
            -4.04254,
            40.90818
          ],
          [
            -4.04324,
            40.90829
          ],
          [
            -4.044,
            40.90839
          ],
          [
            -4.04459,
            40.90843
          ],
          [
            -4.04482,
            40.90839
          ],
          [
            -4.04497,
            40.90835
          ],
          [
            -4.04513,
            40.90837
          ],
          [
            -4.04526,
            40.90844
          ],
          [
            -4.04537,
            40.90852
          ],
          [
            -4.0455,
            40.90858
          ],
          [
            -4.04573,
            40.90864
          ],
          [
            -4.04626,
            40.90872
          ],
          [
            -4.0469,
            40.90882
          ],
          [
            -4.04705,
            40.90885
          ],
          [
            -4.04775,
            40.90896
          ],
          [
            -4.04843,
            40.90905
          ],
          [
            -4.04938,
            40.90919
          ],
          [
            -4.05026,
            40.90932
          ],
          [
            -4.05071,
            40.90939
          ],
          [
            -4.05159,
            40.90951
          ],
          [
            -4.05214,
            40.9096
          ],
          [
            -4.05267,
            40.90968
          ],
          [
            -4.05347,
            40.90979
          ],
          [
            -4.05418,
            40.9099
          ],
          [
            -4.05491,
            40.91
          ],
          [
            -4.05535,
            40.91007
          ],
          [
            -4.05609,
            40.91018
          ],
          [
            -4.05648,
            40.91024
          ],
          [
            -4.05718,
            40.91032
          ],
          [
            -4.0575,
            40.91036
          ],
          [
            -4.05765,
            40.91039
          ],
          [
            -4.05777,
            40.9104
          ],
          [
            -4.05789,
            40.91042
          ],
          [
            -4.05804,
            40.91042
          ],
          [
            -4.05849,
            40.91042
          ],
          [
            -4.05866,
            40.91037
          ],
          [
            -4.0588,
            40.91036
          ],
          [
            -4.05891,
            40.91042
          ],
          [
            -4.05902,
            40.91051
          ],
          [
            -4.05925,
            40.9106
          ],
          [
            -4.05966,
            40.91069
          ],
          [
            -4.06004,
            40.91076
          ],
          [
            -4.0602,
            40.91079
          ],
          [
            -4.06116,
            40.91116
          ],
          [
            -4.06185,
            40.91155
          ],
          [
            -4.0623,
            40.91184
          ],
          [
            -4.06267,
            40.91208
          ],
          [
            -4.06279,
            40.91216
          ],
          [
            -4.06292,
            40.91224
          ],
          [
            -4.06366,
            40.91271
          ],
          [
            -4.06437,
            40.91317
          ],
          [
            -4.06508,
            40.91365
          ],
          [
            -4.0655,
            40.91389
          ],
          [
            -4.06574,
            40.91395
          ],
          [
            -4.06598,
            40.91403
          ],
          [
            -4.06608,
            40.91414
          ],
          [
            -4.06614,
            40.91426
          ],
          [
            -4.06624,
            40.91437
          ],
          [
            -4.06645,
            40.91451
          ],
          [
            -4.06708,
            40.91491
          ],
          [
            -4.06764,
            40.91527
          ],
          [
            -4.06792,
            40.91543
          ],
          [
            -4.06806,
            40.91552
          ],
          [
            -4.06826,
            40.91566
          ],
          [
            -4.06838,
            40.91575
          ],
          [
            -4.06848,
            40.91583
          ],
          [
            -4.06861,
            40.91591
          ],
          [
            -4.06873,
            40.91598
          ],
          [
            -4.06885,
            40.91606
          ],
          [
            -4.06904,
            40.91618
          ],
          [
            -4.06915,
            40.91624
          ],
          [
            -4.06927,
            40.91632
          ],
          [
            -4.06958,
            40.91651
          ],
          [
            -4.07035,
            40.91701
          ],
          [
            -4.07109,
            40.91747
          ],
          [
            -4.07149,
            40.91773
          ],
          [
            -4.07219,
            40.91817
          ],
          [
            -4.07281,
            40.91856
          ],
          [
            -4.07332,
            40.91888
          ],
          [
            -4.0739,
            40.91925
          ],
          [
            -4.07455,
            40.91967
          ],
          [
            -4.07523,
            40.9201
          ],
          [
            -4.07554,
            40.92029
          ],
          [
            -4.07602,
            40.9206
          ],
          [
            -4.07659,
            40.92097
          ],
          [
            -4.07718,
            40.92134
          ],
          [
            -4.07774,
            40.92169
          ],
          [
            -4.0784,
            40.92212
          ],
          [
            -4.07904,
            40.92241
          ],
          [
            -4.0793,
            40.92251
          ],
          [
            -4.0796,
            40.92263
          ],
          [
            -4.07995,
            40.92282
          ],
          [
            -4.08021,
            40.92297
          ],
          [
            -4.08049,
            40.92322
          ],
          [
            -4.08105,
            40.92359
          ],
          [
            -4.08128,
            40.92374
          ],
          [
            -4.08141,
            40.92383
          ],
          [
            -4.08154,
            40.92392
          ],
          [
            -4.08167,
            40.92401
          ],
          [
            -4.08179,
            40.92409
          ],
          [
            -4.08189,
            40.92416
          ],
          [
            -4.08202,
            40.92425
          ],
          [
            -4.08218,
            40.92435
          ],
          [
            -4.08229,
            40.92443
          ],
          [
            -4.08297,
            40.92489
          ],
          [
            -4.08355,
            40.9253
          ],
          [
            -4.08409,
            40.92565
          ],
          [
            -4.08445,
            40.92589
          ],
          [
            -4.08485,
            40.92615
          ],
          [
            -4.08496,
            40.92622
          ],
          [
            -4.08508,
            40.9263
          ],
          [
            -4.08519,
            40.92637
          ],
          [
            -4.08531,
            40.92644
          ],
          [
            -4.08588,
            40.92681
          ],
          [
            -4.0863,
            40.927
          ],
          [
            -4.08644,
            40.92703
          ],
          [
            -4.08666,
            40.92704
          ],
          [
            -4.08693,
            40.92713
          ],
          [
            -4.08706,
            40.92719
          ],
          [
            -4.08717,
            40.92723
          ],
          [
            -4.08729,
            40.92728
          ],
          [
            -4.08736,
            40.92731
          ],
          [
            -4.08739,
            40.92732
          ],
          [
            -4.08742,
            40.92733
          ],
          [
            -4.08748,
            40.92735
          ],
          [
            -4.08755,
            40.92745
          ],
          [
            -4.08758,
            40.92762
          ],
          [
            -4.08767,
            40.92779
          ],
          [
            -4.08777,
            40.92786
          ],
          [
            -4.08787,
            40.92794
          ],
          [
            -4.08807,
            40.9281
          ],
          [
            -4.08817,
            40.92818
          ],
          [
            -4.08854,
            40.92848
          ],
          [
            -4.08882,
            40.92865
          ],
          [
            -4.08902,
            40.92874
          ],
          [
            -4.08914,
            40.92877
          ],
          [
            -4.08934,
            40.92883
          ],
          [
            -4.08946,
            40.92886
          ],
          [
            -4.08963,
            40.92891
          ],
          [
            -4.0897,
            40.9289
          ],
          [
            -4.08977,
            40.92888
          ],
          [
            -4.08981,
            40.92889
          ],
          [
            -4.08981,
            40.92892
          ],
          [
            -4.08966,
            40.92896
          ],
          [
            -4.08944,
            40.92896
          ],
          [
            -4.08921,
            40.92904
          ],
          [
            -4.0892,
            40.92915
          ],
          [
            -4.08927,
            40.92926
          ],
          [
            -4.08946,
            40.92937
          ],
          [
            -4.08962,
            40.92943
          ],
          [
            -4.08981,
            40.9295
          ],
          [
            -4.09,
            40.92962
          ],
          [
            -4.09011,
            40.92969
          ],
          [
            -4.09022,
            40.92977
          ],
          [
            -4.09045,
            40.92992
          ],
          [
            -4.09069,
            40.93007
          ],
          [
            -4.09164,
            40.93066
          ],
          [
            -4.09182,
            40.93078
          ],
          [
            -4.09193,
            40.93085
          ],
          [
            -4.09204,
            40.93092
          ],
          [
            -4.09216,
            40.931
          ],
          [
            -4.09227,
            40.93107
          ],
          [
            -4.0924,
            40.93115
          ],
          [
            -4.09288,
            40.93144
          ],
          [
            -4.09354,
            40.93186
          ],
          [
            -4.09414,
            40.93224
          ],
          [
            -4.09462,
            40.93255
          ],
          [
            -4.09564,
            40.93324
          ],
          [
            -4.0961,
            40.93361
          ],
          [
            -4.09665,
            40.93407
          ],
          [
            -4.09721,
            40.93455
          ],
          [
            -4.09772,
            40.93498
          ],
          [
            -4.098,
            40.93522
          ],
          [
            -4.09816,
            40.93536
          ],
          [
            -4.09865,
            40.93577
          ],
          [
            -4.09872,
            40.93587
          ],
          [
            -4.09878,
            40.93605
          ],
          [
            -4.09886,
            40.93629
          ],
          [
            -4.09897,
            40.93639
          ],
          [
            -4.09909,
            40.93644
          ],
          [
            -4.09924,
            40.93648
          ],
          [
            -4.0996,
            40.93664
          ],
          [
            -4.10011,
            40.93706
          ],
          [
            -4.10072,
            40.93757
          ],
          [
            -4.10105,
            40.93784
          ],
          [
            -4.10145,
            40.9382
          ],
          [
            -4.10168,
            40.93838
          ],
          [
            -4.10222,
            40.93883
          ],
          [
            -4.10258,
            40.93912
          ],
          [
            -4.10292,
            40.93942
          ],
          [
            -4.10326,
            40.9397
          ],
          [
            -4.10349,
            40.93994
          ],
          [
            -4.10366,
            40.94024
          ],
          [
            -4.10388,
            40.94038
          ],
          [
            -4.1043,
            40.94049
          ],
          [
            -4.1047,
            40.94068
          ],
          [
            -4.10507,
            40.94088
          ],
          [
            -4.10532,
            40.94102
          ],
          [
            -4.10569,
            40.94121
          ],
          [
            -4.10592,
            40.94135
          ],
          [
            -4.10616,
            40.94148
          ],
          [
            -4.10638,
            40.94161
          ],
          [
            -4.10656,
            40.94172
          ],
          [
            -4.10689,
            40.9419
          ],
          [
            -4.1071,
            40.94201
          ],
          [
            -4.10742,
            40.9422
          ],
          [
            -4.10763,
            40.94232
          ],
          [
            -4.10804,
            40.94255
          ],
          [
            -4.10837,
            40.94281
          ],
          [
            -4.10853,
            40.94293
          ],
          [
            -4.10871,
            40.94302
          ],
          [
            -4.10891,
            40.94312
          ],
          [
            -4.10907,
            40.94324
          ],
          [
            -4.10921,
            40.94338
          ],
          [
            -4.10933,
            40.94352
          ],
          [
            -4.10951,
            40.94373
          ],
          [
            -4.10971,
            40.94392
          ],
          [
            -4.10984,
            40.94404
          ],
          [
            -4.10997,
            40.94415
          ],
          [
            -4.11011,
            40.94429
          ],
          [
            -4.11036,
            40.94455
          ],
          [
            -4.11071,
            40.94491
          ],
          [
            -4.11093,
            40.94513
          ],
          [
            -4.11124,
            40.94545
          ],
          [
            -4.11154,
            40.94575
          ],
          [
            -4.11191,
            40.94616
          ],
          [
            -4.1121,
            40.94642
          ],
          [
            -4.11232,
            40.94676
          ],
          [
            -4.11238,
            40.9469
          ],
          [
            -4.11238,
            40.947
          ],
          [
            -4.11233,
            40.94708
          ],
          [
            -4.11231,
            40.94714
          ],
          [
            -4.11232,
            40.9472
          ],
          [
            -4.1124,
            40.94725
          ],
          [
            -4.11253,
            40.94727
          ],
          [
            -4.11264,
            40.94728
          ],
          [
            -4.11274,
            40.94731
          ],
          [
            -4.11281,
            40.94739
          ],
          [
            -4.11296,
            40.9476
          ],
          [
            -4.11307,
            40.94778
          ],
          [
            -4.11335,
            40.94815
          ],
          [
            -4.11371,
            40.94848
          ],
          [
            -4.11401,
            40.94861
          ],
          [
            -4.11423,
            40.94866
          ],
          [
            -4.11459,
            40.94867
          ],
          [
            -4.11489,
            40.94862
          ],
          [
            -4.11557,
            40.94846
          ],
          [
            -4.11578,
            40.9484
          ],
          [
            -4.11628,
            40.94825
          ],
          [
            -4.11679,
            40.94813
          ],
          [
            -4.11693,
            40.94812
          ],
          [
            -4.11707,
            40.94816
          ],
          [
            -4.11721,
            40.94822
          ],
          [
            -4.11734,
            40.94822
          ],
          [
            -4.11749,
            40.94818
          ],
          [
            -4.11761,
            40.94817
          ],
          [
            -4.11772,
            40.94823
          ],
          [
            -4.11773,
            40.94831
          ],
          [
            -4.11767,
            40.9484
          ],
          [
            -4.11761,
            40.94849
          ],
          [
            -4.11756,
            40.94858
          ],
          [
            -4.11751,
            40.94866
          ],
          [
            -4.1174,
            40.94884
          ],
          [
            -4.11734,
            40.94891
          ],
          [
            -4.11728,
            40.949
          ],
          [
            -4.11715,
            40.94917
          ],
          [
            -4.11709,
            40.94925
          ],
          [
            -4.11704,
            40.94933
          ],
          [
            -4.11702,
            40.94942
          ],
          [
            -4.11708,
            40.9495
          ],
          [
            -4.11717,
            40.94957
          ],
          [
            -4.11726,
            40.94964
          ],
          [
            -4.11736,
            40.94969
          ],
          [
            -4.11746,
            40.94973
          ],
          [
            -4.11758,
            40.94975
          ],
          [
            -4.11771,
            40.94977
          ],
          [
            -4.11784,
            40.94981
          ],
          [
            -4.11798,
            40.94985
          ],
          [
            -4.11812,
            40.94989
          ],
          [
            -4.11824,
            40.94994
          ],
          [
            -4.11836,
            40.94999
          ],
          [
            -4.11847,
            40.95004
          ],
          [
            -4.11858,
            40.95009
          ],
          [
            -4.11868,
            40.95014
          ],
          [
            -4.11876,
            40.95019
          ],
          [
            -4.11885,
            40.95021
          ],
          [
            -4.11888,
            40.95021
          ],
          [
            -4.11888,
            40.95021
          ],
          [
            -4.11888,
            40.95021
          ]
        ]
      }
    }
  ]
}